,brand_name,brand_link,#_of_images
0,HOME,https://www.advertgallery.com/product-category/advertisements-by-brand/home/,35
1,24 MANTRA ORGANIC,https://www.advertgallery.com/product-category/advertisements-by-brand/24-mantra-organic/,5
2,A.O.SMITH,https://www.advertgallery.com/product-category/advertisements-by-brand/a-o-smith/,9
3,AAKASH INSTITUTE,https://www.advertgallery.com/product-category/advertisements-by-brand/aakash-institute/,36
4,AANVII HEARING SOLUTIONS,https://www.advertgallery.com/product-category/advertisements-by-brand/aanvii-hearing-solutions/,1
5,AASHIRVAAD,https://www.advertgallery.com/product-category/advertisements-by-brand/aashirvaad/,3
6,ACCU CHEK ACTIVE,https://www.advertgallery.com/product-category/advertisements-by-brand/accu-chek-active-advertisements/,7
7,ACE GROUP,https://www.advertgallery.com/product-category/advertisements-by-brand/ace-group/,20
8,ACT FIBERNET,https://www.advertgallery.com/product-category/advertisements-by-brand/act-fibernet-advertisement-in-newspaper/,18
9,ADANI REALTY,https://www.advertgallery.com/product-category/advertisements-by-brand/adani-realty/,4
10,ADARSH DEVELOPERS,https://www.advertgallery.com/product-category/advertisements-by-brand/adarsh-developers/,2
11,ADIDAS,https://www.advertgallery.com/product-category/advertisements-by-brand/adidas/,4
12,ADISHWAR,https://www.advertgallery.com/product-category/advertisements-by-brand/adishwar/,30
13,ADITYA BIRLA CAPITAL,https://www.advertgallery.com/product-category/advertisements-by-brand/aditya-birla-capital/,1
14,ADITYA BIRLA WORLD ACADEMY,https://www.advertgallery.com/product-category/advertisements-by-brand/aditya-birla-world-academy/,3
15,AHUJASONS,https://www.advertgallery.com/product-category/advertisements-by-brand/ahujasons/,6
16,AIR INDIA,https://www.advertgallery.com/product-category/advertisements-by-brand/air-india/,30
17,AIR MAURITIUS,https://www.advertgallery.com/product-category/advertisements-by-brand/air-mauritius/,1
18,AIR WICK,https://www.advertgallery.com/product-category/advertisements-by-brand/air-wick/,1
19,AIRASIA,https://www.advertgallery.com/product-category/advertisements-by-brand/airasia-newspaper-advertisements/,72
20,AIRTEL,https://www.advertgallery.com/product-category/advertisements-by-brand/airtel/,21
21,AKBARALLYS FURNITURE,https://www.advertgallery.com/product-category/advertisements-by-brand/akbarallys-furniture-advertisements/,9
22,ALLEN SOLLY,https://www.advertgallery.com/product-category/advertisements-by-brand/allen-solly/,4
23,AMAZON,https://www.advertgallery.com/product-category/advertisements-by-brand/amazon-newspaper-advertisements/,174
24,AMERICAN EXPRESS,https://www.advertgallery.com/product-category/advertisements-by-brand/american-express/,5
25,AMITY UNIVERSITY,https://www.advertgallery.com/product-category/advertisements-by-brand/amity-university-newspaper-advertisements/,124
26,AMUL DAIRY AD COLLECTION,https://www.advertgallery.com/product-category/advertisements-by-brand/amul/,433
27,AMWAY,https://www.advertgallery.com/product-category/advertisements-by-brand/amway-newspaper-advertisements/,8
28,ANNA UNIVERSITY,https://www.advertgallery.com/product-category/advertisements-by-brand/anna-university/,1
29,APARNA,https://www.advertgallery.com/product-category/advertisements-by-brand/aparna/,16
30,APOLLO HOSPITALS,https://www.advertgallery.com/product-category/advertisements-by-brand/apollo-hospitals/,33
31,APOLLO TYRES,https://www.advertgallery.com/product-category/advertisements-by-brand/apollo-tyres/,12
32,APPLE,https://www.advertgallery.com/product-category/advertisements-by-brand/apple/,44
33,APPU GHAR,https://www.advertgallery.com/product-category/advertisements-by-brand/appu-ghar/,1
34,AQUAFRESH,https://www.advertgallery.com/product-category/advertisements-by-brand/aquafresh/,3
35,AQUAGUARD,https://www.advertgallery.com/product-category/advertisements-by-brand/aquaguard/,4
36,ARENA ANIMATION,https://www.advertgallery.com/product-category/advertisements-by-brand/arena-animation/,2
37,ARIEL,https://www.advertgallery.com/product-category/advertisements-by-brand/ariel/,7
38,ARROW,https://www.advertgallery.com/product-category/advertisements-by-brand/arrow/,5
39,ASIAN PAINTS,https://www.advertgallery.com/product-category/advertisements-by-brand/asian-paints/,37
40,ASMI,https://www.advertgallery.com/product-category/advertisements-by-brand/asmi/,7
41,ASTER CMI HOSPITAL,https://www.advertgallery.com/product-category/advertisements-by-brand/aster-cmi-hospital/,1
42,ASTON MARTIN,https://www.advertgallery.com/product-category/advertisements-by-brand/aston-martin/,1
43,AUDI,https://www.advertgallery.com/product-category/advertisements-by-brand/audi-advertisements-in-newspapers/,53
44,AXIS BANK,https://www.advertgallery.com/product-category/advertisements-by-brand/axis-bank/,7
45,BACHPAN PLAY SCHOOL,https://www.advertgallery.com/product-category/advertisements-by-brand/bachpan-play-school/,2
46,BAIDYANATH,https://www.advertgallery.com/product-category/advertisements-by-brand/baidyanath/,42
47,BAJAJ ALLIANZ,https://www.advertgallery.com/product-category/advertisements-by-brand/bajaj-allianz/,11
48,BAJAJ AUTO,https://www.advertgallery.com/product-category/advertisements-by-brand/bajaj-auto-limited-newspaper-advertisements/,54
49,BANK OF BARODA,https://www.advertgallery.com/product-category/advertisements-by-brand/bank-of-baroda/,22
50,BANTIA FURNITURE,https://www.advertgallery.com/product-category/advertisements-by-brand/bantia-furniture/,27
51,BATA,https://www.advertgallery.com/product-category/advertisements-by-brand/bata/,5
52,BEING HUMAN,https://www.advertgallery.com/product-category/advertisements-by-brand/being-human/,11
53,BENNETT UNIVERSITY,https://www.advertgallery.com/product-category/advertisements-by-brand/bennett-university-newspaper-advertisements/,39
54,BERGER PAINTS,https://www.advertgallery.com/product-category/advertisements-by-brand/berger-paints/,7
55,BIBA,https://www.advertgallery.com/product-category/advertisements-by-brand/biba/,33
56,BIG BASKET,https://www.advertgallery.com/product-category/advertisements-by-brand/big-basket/,79
57,BIG BAZAAR,https://www.advertgallery.com/product-category/advertisements-by-brand/big-bazaar/,249
58,BIG BREAKS,https://www.advertgallery.com/product-category/advertisements-by-brand/big-breaks/,4
59,BIGC MOBILES,https://www.advertgallery.com/product-category/advertisements-by-brand/bigc-mobiles/,9
60,BLACKBERRYS,https://www.advertgallery.com/product-category/advertisements-by-brand/blackberrys/,1
61,BLOW HOT,https://www.advertgallery.com/product-category/advertisements-by-brand/blow-hot/,1
62,BLUE STAR,https://www.advertgallery.com/product-category/advertisements-by-brand/blue-star/,16
63,BMW,https://www.advertgallery.com/product-category/advertisements-by-brand/bmw/,67
64,BOMBAY DYEING,https://www.advertgallery.com/product-category/advertisements-by-brand/bombay-dyeing/,4
65,BOOK MY SHOW,https://www.advertgallery.com/product-category/advertisements-by-brand/book-my-show/,6
66,BOROPLUS,https://www.advertgallery.com/product-category/advertisements-by-brand/boroplus/,6
67,BOSCH,https://www.advertgallery.com/product-category/advertisements-by-brand/bosch/,36
68,BOSE,https://www.advertgallery.com/product-category/advertisements-by-brand/bose/,18
69,BRAND FACTORY,https://www.advertgallery.com/product-category/advertisements-by-brand/brand-factory-advertisements/,86
70,BREITLING,https://www.advertgallery.com/product-category/advertisements-by-brand/breitling/,7
71,BRIGADE GROUP,https://www.advertgallery.com/product-category/advertisements-by-brand/brigade-group/,31
72,BRITANNIA,https://www.advertgallery.com/product-category/advertisements-by-brand/britannia/,2
73,BRITISH COUNCIL,https://www.advertgallery.com/product-category/advertisements-by-brand/british-council/,8
74,BURGER KING,https://www.advertgallery.com/product-category/advertisements-by-brand/burger-king/,2
75,BUTTERFLY,https://www.advertgallery.com/product-category/advertisements-by-brand/butterfly/,5
76,CALL HEALTH,https://www.advertgallery.com/product-category/advertisements-by-brand/call-health/,11
77,CALVIN KLEIN,https://www.advertgallery.com/product-category/advertisements-by-brand/calvin-klein/,1
78,CANARA BANK,https://www.advertgallery.com/product-category/advertisements-by-brand/canara-bank/,8
79,CANDYSKIN,https://www.advertgallery.com/product-category/advertisements-by-brand/candyskin/,1
80,CANON,https://www.advertgallery.com/product-category/advertisements-by-brand/canon-advertisements-in-newspaper/,28
81,CARAPHIL.ORG,https://www.advertgallery.com/product-category/advertisements-by-brand/caraphil-org/,2
82,CARATLANE,https://www.advertgallery.com/product-category/advertisements-by-brand/caratlane/,37
83,CASAGRAND,https://www.advertgallery.com/product-category/advertisements-by-brand/casagrand/,51
84,CASIO,https://www.advertgallery.com/product-category/advertisements-by-brand/casio/,30
85,CAVINKARE,https://www.advertgallery.com/product-category/advertisements-by-brand/cavinkare/,1
86,CELIO,https://www.advertgallery.com/product-category/advertisements-by-brand/celio/,24
87,CENTRAL RETAIL,https://www.advertgallery.com/product-category/advertisements-by-brand/central-retail-newspaper-advertisements/,59
88,CENTRO,https://www.advertgallery.com/product-category/advertisements-by-brand/centro/,5
89,CENTURYPLY,https://www.advertgallery.com/product-category/advertisements-by-brand/centuryply/,3
90,CISCO,https://www.advertgallery.com/product-category/advertisements-by-brand/cisco/,1
91,CLARKS,https://www.advertgallery.com/product-category/advertisements-by-brand/clarks/,4
92,CLEAR TRIP,https://www.advertgallery.com/product-category/advertisements-by-brand/clear-trip/,2
93,CLOSEUP,https://www.advertgallery.com/product-category/advertisements-by-brand/closeup/,1
94,CLUB MAHINDRA,https://www.advertgallery.com/product-category/advertisements-by-brand/club-mahindra/,12
95,COCA COLA,https://www.advertgallery.com/product-category/advertisements-by-brand/coca-cola/,1
96,COCOON FERTILITY,https://www.advertgallery.com/product-category/advertisements-by-brand/cocoon-fertility/,13
97,COLGATE,https://www.advertgallery.com/product-category/advertisements-by-brand/colgate-newspaper-advertisements/,18
98,COLORPLUS,https://www.advertgallery.com/product-category/advertisements-by-brand/colorplus/,2
99,COMFORT,https://www.advertgallery.com/product-category/advertisements-by-brand/comfort/,5
100,CORPORATION BANK,https://www.advertgallery.com/product-category/advertisements-by-brand/corporation-bank/,1
101,COTTONKING,https://www.advertgallery.com/product-category/advertisements-by-brand/cottonking/,10
102,COX & KINGS,https://www.advertgallery.com/product-category/advertisements-by-brand/cox-kings/,39
103,CREDAI,https://www.advertgallery.com/product-category/advertisements-by-brand/credai/,52
104,CROMA,https://www.advertgallery.com/product-category/advertisements-by-brand/croma-advertisements-in-newspaper/,38
105,CROMPTON,https://www.advertgallery.com/product-category/advertisements-by-brand/crompton/,1
106,CROSSWORD,https://www.advertgallery.com/product-category/advertisements-by-brand/crossword/,1
107,CUSHMAN & WAKEFIELD,https://www.advertgallery.com/product-category/advertisements-by-brand/cushman-wakefield/,5
108,CYBERCITY,https://www.advertgallery.com/product-category/advertisements-by-brand/cybercity/,2
109,D'DECOR,https://www.advertgallery.com/product-category/advertisements-by-brand/ddecor/,8
110,DABUR,https://www.advertgallery.com/product-category/advertisements-by-brand/dabur/,53
111,DAIKIN,https://www.advertgallery.com/product-category/advertisements-by-brand/daikin-ac-newspaper-advertisements/,23
112,DAMRO,https://www.advertgallery.com/product-category/advertisements-by-brand/damro/,29
113,DATSUN,https://www.advertgallery.com/product-category/advertisements-by-brand/datsun/,43
114,DELHI PUBLIC SCHOOL,https://www.advertgallery.com/product-category/advertisements-by-brand/delhi-public-school/,22
115,DELL,https://www.advertgallery.com/product-category/advertisements-by-brand/dell/,23
116,DISHTV,https://www.advertgallery.com/product-category/advertisements-by-brand/dishtv/,3
117,DLINK,https://www.advertgallery.com/product-category/advertisements-by-brand/dlink/,1
118,DMART,https://www.advertgallery.com/product-category/advertisements-by-brand/dmart/,19
119,DOLLAR,https://www.advertgallery.com/product-category/advertisements-by-brand/dollar/,10
120,DOMINO'S PIZZA,https://www.advertgallery.com/product-category/advertisements-by-brand/dominos-pizza/,11
121,DOODLERS,https://www.advertgallery.com/product-category/advertisements-by-brand/doodlers/,43
122,DOVE,https://www.advertgallery.com/product-category/advertisements-by-brand/dove/,30
123,DPAULS,https://www.advertgallery.com/product-category/advertisements-by-brand/dpauls/,66
124,DR BATRAS,https://www.advertgallery.com/product-category/advertisements-by-brand/dr-batras/,12
125,DR TVACHA,https://www.advertgallery.com/product-category/advertisements-by-brand/dr-tvacha/,70
126,DUCATI,https://www.advertgallery.com/product-category/advertisements-by-brand/ducati/,1
127,DURIAN FURNITURE,https://www.advertgallery.com/product-category/advertisements-by-brand/durian-furniture-advertisements/,58
128,DUROFLEX,https://www.advertgallery.com/product-category/advertisements-by-brand/duroflex/,5
129,EDIFICE,https://www.advertgallery.com/product-category/advertisements-by-brand/edifice/,2
130,EDUBRIDGE INTERNATIONAL SCHOOL,https://www.advertgallery.com/product-category/advertisements-by-brand/edubridge-international-school-advertisements/,1
131,EICHER,https://www.advertgallery.com/product-category/advertisements-by-brand/eicher/,2
132,ELICA,https://www.advertgallery.com/product-category/advertisements-by-brand/elica/,51
133,ELITE LANDBASE,https://www.advertgallery.com/product-category/advertisements-by-brand/elite-landbase/,2
134,EMAMI,https://www.advertgallery.com/product-category/advertisements-by-brand/emami/,48
135,EMIRATES,https://www.advertgallery.com/product-category/advertisements-by-brand/emirates/,8
136,EPIGAMIA,https://www.advertgallery.com/product-category/advertisements-by-brand/epigamia/,4
137,EPSON,https://www.advertgallery.com/product-category/advertisements-by-brand/epson/,23
138,ET MONEY,https://www.advertgallery.com/product-category/advertisements-by-brand/et-money/,11
139,EVEREADY,https://www.advertgallery.com/product-category/advertisements-by-brand/eveready/,15
140,EVOK,https://www.advertgallery.com/product-category/advertisements-by-brand/evok/,41
141,EXIM BANK,https://www.advertgallery.com/product-category/advertisements-by-brand/exim-bank/,1
142,EYESPA,https://www.advertgallery.com/product-category/advertisements-by-brand/eyespa/,6
143,EZONE,https://www.advertgallery.com/product-category/advertisements-by-brand/ezone-advertisements-newspaper/,1
144,FAB INDIA,https://www.advertgallery.com/product-category/advertisements-by-brand/fab-india-advertisements/,53
145,FABER,https://www.advertgallery.com/product-category/advertisements-by-brand/faber/,28
146,FASTRACK,https://www.advertgallery.com/product-category/advertisements-by-brand/fastrack/,11
147,FBB,https://www.advertgallery.com/product-category/advertisements-by-brand/fbb-advertisements/,8
148,FEDERAL BANK,https://www.advertgallery.com/product-category/advertisements-by-brand/federal-bank/,7
149,FEDEX EXPRESS,https://www.advertgallery.com/product-category/advertisements-by-brand/fedex-express/,1
150,FEMINA,https://www.advertgallery.com/product-category/advertisements-by-brand/femina/,1
151,FEVICOL,https://www.advertgallery.com/product-category/advertisements-by-brand/fevicol/,1
152,FIAMA DI WILLS,https://www.advertgallery.com/product-category/advertisements-by-brand/fiama-di-wills-newspaper-advertisements/,3
153,FIAT,https://www.advertgallery.com/product-category/advertisements-by-brand/fiat/,8
154,FIGARO,https://www.advertgallery.com/product-category/advertisements-by-brand/figaro/,3
155,FILMFARE,https://www.advertgallery.com/product-category/advertisements-by-brand/filmfare-newspaper-advertisements/,2
156,FLAIR PENS,https://www.advertgallery.com/product-category/advertisements-by-brand/flair-pens-newspaper-advertisements/,2
157,FLIPKART,https://www.advertgallery.com/product-category/advertisements-by-brand/flipkart/,71
158,FLITE,https://www.advertgallery.com/product-category/advertisements-by-brand/flite/,2
159,FORD,https://www.advertgallery.com/product-category/advertisements-by-brand/ford-advertisements-in-newspaper/,57
160,FORTIS,https://www.advertgallery.com/product-category/advertisements-by-brand/fortis/,8
161,FORTUNE OIL,https://www.advertgallery.com/product-category/advertisements-by-brand/fortune-oil-newspaper-advertisements/,68
162,FREEDOM OIL,https://www.advertgallery.com/product-category/advertisements-by-brand/freedom-oil/,14
163,FUEL,https://www.advertgallery.com/product-category/advertisements-by-brand/fuel-advertisements/,8
164,FURNITUREWALLA,https://www.advertgallery.com/product-category/advertisements-by-brand/furniturewalla/,2
165,GAANA,https://www.advertgallery.com/product-category/advertisements-by-brand/gaana-com-advertisements/,7
166,GALGOTIAS UNIVERSITY,https://www.advertgallery.com/product-category/advertisements-by-brand/galgotias-university/,40
167,GARDEN VARELI,https://www.advertgallery.com/product-category/advertisements-by-brand/garden-vareli/,4
168,GATEFORUM,https://www.advertgallery.com/product-category/advertisements-by-brand/gateforum-advertisements/,2
169,GAURS,https://www.advertgallery.com/product-category/advertisements-by-brand/gaurs/,49
170,GD GOENKA,https://www.advertgallery.com/product-category/advertisements-by-brand/gd-goenka/,16
171,GD GOENKA UNIVERSITY,https://www.advertgallery.com/product-category/advertisements-by-brand/gd-goenka-university/,10
172,GILI,https://www.advertgallery.com/product-category/advertisements-by-brand/gili/,6
173,GILMA,https://www.advertgallery.com/product-category/advertisements-by-brand/gilma/,10
174,GINI & JONY,https://www.advertgallery.com/product-category/advertisements-by-brand/gini-jony/,3
175,GIORDANO,https://www.advertgallery.com/product-category/advertisements-by-brand/giordano/,33
176,GITAM UNIVERSITY,https://www.advertgallery.com/product-category/advertisements-by-brand/gitam-university/,5
177,GITANJALI JEWELS,https://www.advertgallery.com/product-category/advertisements-by-brand/gitanjali-jewels/,5
178,GKB OPTICALS,https://www.advertgallery.com/product-category/advertisements-by-brand/gkb-opticals/,3
179,GLA UNIVERSITY,https://www.advertgallery.com/product-category/advertisements-by-brand/gla-university/,33
180,GLEN,https://www.advertgallery.com/product-category/advertisements-by-brand/glen/,44
181,GLOBAL PLACEMENTS,https://www.advertgallery.com/product-category/advertisements-by-brand/global-placements/,4
182,GODREJ AGROVET,https://www.advertgallery.com/product-category/advertisements-by-brand/godrej-agrovet/,1
183,GODREJ APPLIANCES,https://www.advertgallery.com/product-category/advertisements-by-brand/godrej-appliances/,15
184,GODREJ INTERIO,https://www.advertgallery.com/product-category/advertisements-by-brand/godrej-interio/,61
185,GODREJ NATURE'S BASKET,https://www.advertgallery.com/product-category/advertisements-by-brand/godrej-natures-basket/,6
186,GODREJ PROPERTIES,https://www.advertgallery.com/product-category/advertisements-by-brand/godrej-properties/,115
187,GOIBIBO,https://www.advertgallery.com/product-category/advertisements-by-brand/goibibo-newspaper-advertisements/,2
188,GOOD YEAR,https://www.advertgallery.com/product-category/advertisements-by-brand/good-year/,3
189,GOOGLE,https://www.advertgallery.com/product-category/advertisements-by-brand/google/,20
190,GREAT EASTERN,https://www.advertgallery.com/product-category/advertisements-by-brand/great-eastern/,2
191,GROFERS,https://www.advertgallery.com/product-category/advertisements-by-brand/grofers/,58
192,GRT JEWELLERS,https://www.advertgallery.com/product-category/advertisements-by-brand/grt-jewellers/,42
193,H & M,https://www.advertgallery.com/product-category/advertisements-by-brand/h-m/,1
194,HAIER,https://www.advertgallery.com/product-category/advertisements-by-brand/haier/,36
195,HAIRLINE,https://www.advertgallery.com/product-category/advertisements-by-brand/hairline/,14
196,HAKOBA,https://www.advertgallery.com/product-category/advertisements-by-brand/hakoba/,6
197,HALDIRAM'S,https://www.advertgallery.com/product-category/advertisements-by-brand/haldirams/,22
198,HAMDARD,https://www.advertgallery.com/product-category/advertisements-by-brand/hamdard/,10
199,HAMSA,https://www.advertgallery.com/product-category/advertisements-by-brand/hamsa/,3
200,HAMSTECH,https://www.advertgallery.com/product-category/advertisements-by-brand/hamstech/,1
201,HARLEY DAVIDSON,https://www.advertgallery.com/product-category/advertisements-by-brand/harley-davidson/,4
202,HAVELLS,https://www.advertgallery.com/product-category/advertisements-by-brand/havells/,21
203,HAVMOR,https://www.advertgallery.com/product-category/advertisements-by-brand/havmor/,17
204,HAWKINS,https://www.advertgallery.com/product-category/advertisements-by-brand/hawkins/,2
205,HAZOORILAL,https://www.advertgallery.com/product-category/advertisements-by-brand/hazoorilal/,15
206,HDFC ERGO,https://www.advertgallery.com/product-category/advertisements-by-brand/hdfc-ergo/,2
207,HEAD & SHOULDERS,https://www.advertgallery.com/product-category/advertisements-by-brand/head-shoulders/,3
208,HEINZ,https://www.advertgallery.com/product-category/advertisements-by-brand/heinz/,2
209,HELIOS,https://www.advertgallery.com/product-category/advertisements-by-brand/helios/,2
210,HERO,https://www.advertgallery.com/product-category/advertisements-by-brand/hero-motocorp-newspaper-advertisements/,129
211,HIMALAYA,https://www.advertgallery.com/product-category/advertisements-by-brand/himalaya/,7
212,HINDUSTAN UNILEVER,https://www.advertgallery.com/product-category/advertisements-by-brand/hindustan-unilever/,23
213,HINDWARE,https://www.advertgallery.com/product-category/advertisements-by-brand/hindware/,48
214,HITACHI,https://www.advertgallery.com/product-category/advertisements-by-brand/hitachi/,23
215,HOLLYWOOD FOOTWEAR,https://www.advertgallery.com/product-category/advertisements-by-brand/hollywood-footwear/,3
216,HOME CENTRE,https://www.advertgallery.com/product-category/advertisements-by-brand/home-centre/,21
217,HOME TOWN,https://www.advertgallery.com/product-category/advertisements-by-brand/home-town-advertisements/,43
218,HONDA,https://www.advertgallery.com/product-category/advertisements-by-brand/honda/,271
219,HONOR,https://www.advertgallery.com/product-category/advertisements-by-brand/honor/,8
220,HORLICKS,https://www.advertgallery.com/product-category/advertisements-by-brand/horlicks/,15
221,HP,https://www.advertgallery.com/product-category/advertisements-by-brand/hp-advertisements-newspaper/,34
222,HUSH PUPPIES,https://www.advertgallery.com/product-category/advertisements-by-brand/hush-puppies/,1
223,HYATT,https://www.advertgallery.com/product-category/advertisements-by-brand/hyatt/,4
224,HYPERCITY,https://www.advertgallery.com/product-category/advertisements-by-brand/hypercity/,5
225,HYUNDAI,https://www.advertgallery.com/product-category/advertisements-by-brand/hyundai-cars-newspaper-advertisements/,176
226,ICFAI UNIVERSITY,https://www.advertgallery.com/product-category/advertisements-by-brand/icfai-university/,3
227,ICICI BANK,https://www.advertgallery.com/product-category/advertisements-by-brand/icici-bank/,41
228,ICICI LOMBARD,https://www.advertgallery.com/product-category/advertisements-by-brand/icici-lombard/,3
229,IDBI FEDERAL,https://www.advertgallery.com/product-category/advertisements-by-brand/idbi-federal/,2
230,IDEE,https://www.advertgallery.com/product-category/advertisements-by-brand/idee/,3
231,IKEA,https://www.advertgallery.com/product-category/advertisements-by-brand/ikea/,8
232,IMAGE EYEWEAR,https://www.advertgallery.com/product-category/advertisements-by-brand/image-eyewear/,1
233,IMAGICA,https://www.advertgallery.com/product-category/advertisements-by-brand/imagica/,1
234,INARA WATCHES,https://www.advertgallery.com/product-category/advertisements-by-brand/inara-watches/,3
235,INDIABULLS,https://www.advertgallery.com/product-category/advertisements-by-brand/indiabulls/,20
236,INDIAN BANK,https://www.advertgallery.com/product-category/advertisements-by-brand/indian-bank/,2
237,INDIAN INSTITUTE OF SPACE SCIENCE TECHNOLOGY,https://www.advertgallery.com/product-category/advertisements-by-brand/indian-institute-space-science-technology-advertisements/,2
238,INDIAN TERRAIN,https://www.advertgallery.com/product-category/advertisements-by-brand/indian-terrain/,21
239,INDIRA GANDHI NATIONAL OPEN UNIVERSITY,https://www.advertgallery.com/product-category/advertisements-by-brand/ignou/,2
240,INDIRA IVF,https://www.advertgallery.com/product-category/advertisements-by-brand/indira-ivf/,32
241,INDUSIND BANK,https://www.advertgallery.com/product-category/advertisements-by-brand/indusind-bank-advertisement-newspaper/,1
242,INTEC,https://www.advertgallery.com/product-category/advertisements-by-brand/intec/,1
243,INTEL,https://www.advertgallery.com/product-category/advertisements-by-brand/intel/,8
244,IPHONE,https://www.advertgallery.com/product-category/advertisements-by-brand/iphone-advertisements/,35
245,ISUZU,https://www.advertgallery.com/product-category/advertisements-by-brand/isuzu/,17
246,JABONG,https://www.advertgallery.com/product-category/advertisements-by-brand/jabong/,3
247,JADE BLUE,https://www.advertgallery.com/product-category/advertisements-by-brand/jade-blue/,9
248,JAGANNATH UNIVERSITY,https://www.advertgallery.com/product-category/advertisements-by-brand/jagannath-university/,1
249,JAGUAR,https://www.advertgallery.com/product-category/advertisements-by-brand/jaguar/,20
250,JAIPUR JEWELS,https://www.advertgallery.com/product-category/advertisements-by-brand/jaipur-jewels/,1
251,JAIPUR NATIONAL UNIVERSITY,https://www.advertgallery.com/product-category/advertisements-by-brand/jaipur-national-university/,2
252,JASLOK HOSPITAL,https://www.advertgallery.com/product-category/advertisements-by-brand/jaslok-hospital/,2
253,JEEP,https://www.advertgallery.com/product-category/advertisements-by-brand/jeep/,27
254,JET AIRWAYS,https://www.advertgallery.com/product-category/advertisements-by-brand/jet-airways/,5
255,JEWELSOUK,https://www.advertgallery.com/product-category/advertisements-by-brand/jewelsouk-advertisements/,2
256,JIO,https://www.advertgallery.com/product-category/advertisements-by-brand/jio/,3
257,JIVA AYURVEDA,https://www.advertgallery.com/product-category/advertisements-by-brand/jiva-ayurveda/,9
258,JK TYRE,https://www.advertgallery.com/product-category/advertisements-by-brand/jk-tyre/,29
259,JOCKEY,https://www.advertgallery.com/product-category/advertisements-by-brand/jockey/,43
260,JOHN MILLER,https://www.advertgallery.com/product-category/advertisements-by-brand/john-miller/,1
261,JOS ALUKKAS,https://www.advertgallery.com/product-category/advertisements-by-brand/jos-alukkas/,27
262,JOYALUKKAS,https://www.advertgallery.com/product-category/advertisements-by-brand/joyalukkas-newspaper-advertisements/,50
263,JULIE,https://www.advertgallery.com/product-category/advertisements-by-brand/julie-advertisements/,1
264,K R MANGALAM UNIVERSITY,https://www.advertgallery.com/product-category/advertisements-by-brand/k-r-mangalam-university/,15
265,KAFF,https://www.advertgallery.com/product-category/advertisements-by-brand/kaff/,35
266,KALAMANDIR,https://www.advertgallery.com/product-category/advertisements-by-brand/kalamandir-newspaper-advertisements/,2
267,KALANIKETHAN,https://www.advertgallery.com/product-category/advertisements-by-brand/kalanikethan/,15
268,KALYAN JEWELLERS,https://www.advertgallery.com/product-category/advertisements-by-brand/kalyan-jewellers/,70
269,KAMAL WATCH CO,https://www.advertgallery.com/product-category/advertisements-by-brand/kamal-watch-co-advertisements/,8
270,KARACHI BAKERY,https://www.advertgallery.com/product-category/advertisements-by-brand/karachi-bakery/,5
271,KARMA GROUP,https://www.advertgallery.com/product-category/advertisements-by-brand/karma-group/,1
272,KAUSHALYA GLOBAL SCHOOL,https://www.advertgallery.com/product-category/advertisements-by-brand/kaushalya-global-school-advertisements/,1
273,KAYAM,https://www.advertgallery.com/product-category/advertisements-by-brand/kayam/,5
274,KENSTAR,https://www.advertgallery.com/product-category/advertisements-by-brand/kenstar-advertisements-in-newspaper/,2
275,KFC,https://www.advertgallery.com/product-category/advertisements-by-brand/kfc/,6
276,KHADIM'S,https://www.advertgallery.com/product-category/advertisements-by-brand/khadims/,6
277,KHAZANA JEWELLERY,https://www.advertgallery.com/product-category/advertisements-by-brand/khazana-jewellery/,9
278,KIA,https://www.advertgallery.com/product-category/advertisements-by-brand/kia/,7
279,KISSAN,https://www.advertgallery.com/product-category/advertisements-by-brand/kissan/,6
280,KOOVS,https://www.advertgallery.com/product-category/advertisements-by-brand/koovs/,1
281,KOTAK MAHINDRA BANK,https://www.advertgallery.com/product-category/advertisements-by-brand/kotak-mahindra-bank/,13
282,KURLON,https://www.advertgallery.com/product-category/advertisements-by-brand/kurlon/,29
283,KWALITY,https://www.advertgallery.com/product-category/advertisements-by-brand/kwality/,6
284,KWALITY WALLS,https://www.advertgallery.com/product-category/advertisements-by-brand/kwality-walls/,2
285,LALITHAA JEWELLERS,https://www.advertgallery.com/product-category/advertisements-by-brand/lalithaa-jewellers/,18
286,LAND ROVER,https://www.advertgallery.com/product-category/advertisements-by-brand/land-rover/,20
287,LAWRENCE & MAYO,https://www.advertgallery.com/product-category/advertisements-by-brand/lawrence-mayo/,6
288,LEE COOPER,https://www.advertgallery.com/product-category/advertisements-by-brand/lee-cooper-advertisements/,1
289,LEECO,https://www.advertgallery.com/product-category/advertisements-by-brand/leeco-mobiles-advertisements/,1
290,LENOVO,https://www.advertgallery.com/product-category/advertisements-by-brand/lenovo/,9
291,LEVI'S,https://www.advertgallery.com/product-category/advertisements-by-brand/levis/,14
292,LEXUS,https://www.advertgallery.com/product-category/advertisements-by-brand/lexus/,14
293,LG,https://www.advertgallery.com/product-category/advertisements-by-brand/lg-advertisements-newspaper/,64
294,LIC,https://www.advertgallery.com/product-category/advertisements-by-brand/life-insurance-corporation-newspaper-advertisements/,92
295,LIFE SPAN,https://www.advertgallery.com/product-category/advertisements-by-brand/life-span/,43
296,LIFESTYLE,https://www.advertgallery.com/product-category/advertisements-by-brand/lifestyle-stores-advertisements/,66
297,LIFEZEN,https://www.advertgallery.com/product-category/advertisements-by-brand/lifezen/,13
298,LILAVATI HOSPITAL,https://www.advertgallery.com/product-category/advertisements-by-brand/lilavati-hospital/,2
299,LIVPURE,https://www.advertgallery.com/product-category/advertisements-by-brand/livpure-advertisements/,1
300,LLOYD,https://www.advertgallery.com/product-category/advertisements-by-brand/lloyd-advertisements-newspaper/,29
301,LODHA,https://www.advertgallery.com/product-category/advertisements-by-brand/lodha/,113
302,LOFFICIEL III,https://www.advertgallery.com/product-category/advertisements-by-brand/lofficiel-iii/,3
303,LONGINES,https://www.advertgallery.com/product-category/advertisements-by-brand/longines/,24
304,LOT MOBILES,https://www.advertgallery.com/product-category/advertisements-by-brand/lot-mobiles/,6
305,LOTTO,https://www.advertgallery.com/product-category/advertisements-by-brand/lotto/,3
306,LOUIS PHILIPPE,https://www.advertgallery.com/product-category/advertisements-by-brand/louis-philippe/,7
307,LOVELY PROFESSIONAL UNIVERSITY,https://www.advertgallery.com/product-category/advertisements-by-brand/lovely-professional-university/,7
308,M GHEEWALA GLOBAL HR CONSULTANTS,https://www.advertgallery.com/product-category/advertisements-by-brand/m-gheewala-global-hr-consultants/,1
309,MACROMAN,https://www.advertgallery.com/product-category/advertisements-by-brand/macroman/,2
310,MAGICBRICKS,https://www.advertgallery.com/product-category/advertisements-by-brand/magicbricks/,38
311,MAHAGUN,https://www.advertgallery.com/product-category/advertisements-by-brand/mahagun/,64
312,MAHAVEER GROUP,https://www.advertgallery.com/product-category/advertisements-by-brand/mahaveer-group/,25
313,MAHESH BANK,https://www.advertgallery.com/product-category/advertisements-by-brand/mahesh-bank-advertisements/,4
314,MAHINDRA LIFESPACES,https://www.advertgallery.com/product-category/advertisements-by-brand/mahindra-lifespaces/,8
315,MAKE MY TRIP,https://www.advertgallery.com/product-category/advertisements-by-brand/make-my-trip-newspaper-advertisement-collection/,19
316,MALABAR GOLD & DIAMONDS,https://www.advertgallery.com/product-category/advertisements-by-brand/malabar-gold-diamonds/,64
317,MANIPAL UNIVERSITY,https://www.advertgallery.com/product-category/advertisements-by-brand/manipal-university/,9
318,MANKIND,https://www.advertgallery.com/product-category/advertisements-by-brand/mankind/,5
319,MANYAVAR,https://www.advertgallery.com/product-category/advertisements-by-brand/manyavar/,17
320,MARGADARSI CHITS,https://www.advertgallery.com/product-category/advertisements-by-brand/margadarsi-chits/,16
321,MARKS & SPENCER,https://www.advertgallery.com/product-category/advertisements-by-brand/marks-spencer/,22
322,MARUTI SUZUKI,https://www.advertgallery.com/product-category/advertisements-by-brand/maruti-suzuki-newspaper-advertisements/,304
323,MAX FASHION,https://www.advertgallery.com/product-category/advertisements-by-brand/max-fashion/,5
324,MAX HEALTHCARE,https://www.advertgallery.com/product-category/advertisements-by-brand/max-healthcare/,18
325,MAYFAIR,https://www.advertgallery.com/product-category/advertisements-by-brand/mayfair/,3
326,MCDONALD'S,https://www.advertgallery.com/product-category/advertisements-by-brand/mcdonalds/,4
327,MCVITIE'S,https://www.advertgallery.com/product-category/advertisements-by-brand/mcvities/,1
328,MEBAZ,https://www.advertgallery.com/product-category/advertisements-by-brand/mebaz-newspaper-advertisements/,17
329,MEDPLUS,https://www.advertgallery.com/product-category/advertisements-by-brand/medplus/,1
330,MEENA BAZAAR,https://www.advertgallery.com/product-category/advertisements-by-brand/meena-bazaar-advertisements/,18
331,MERCEDES BENZ,https://www.advertgallery.com/product-category/advertisements-by-brand/mercedes-benz/,69
332,METRO SHOES,https://www.advertgallery.com/product-category/advertisements-by-brand/metro-shoes/,32
333,METRO WHOLESALE,https://www.advertgallery.com/product-category/advertisements-by-brand/metro-wholesale/,10
334,MI XIAOMI,https://www.advertgallery.com/product-category/advertisements-by-brand/xiaomi/,10
335,MITSUBISHI ELECTRIC,https://www.advertgallery.com/product-category/advertisements-by-brand/mitsubishi-electric/,20
336,MOBIKWIK,https://www.advertgallery.com/product-category/advertisements-by-brand/mobikwik-newspaper-advertisements/,13
337,MOCHI,https://www.advertgallery.com/product-category/advertisements-by-brand/mochi/,28
338,MOOLCHAND HOSPITAL,https://www.advertgallery.com/product-category/advertisements-by-brand/moolchand/,8
339,MORE STORE,https://www.advertgallery.com/product-category/advertisements-by-brand/more-megastore-newspaper-advertisements/,65
340,MOTOROLA,https://www.advertgallery.com/product-category/advertisements-by-brand/motorola/,13
341,MRF TYRES,https://www.advertgallery.com/product-category/advertisements-by-brand/mrf-tyres/,58
342,MUFTI FOOTWEAR,https://www.advertgallery.com/product-category/advertisements-by-brand/mufti-footwear/,1
343,MURUGAPPA,https://www.advertgallery.com/product-category/advertisements-by-brand/murugappa/,3
344,MUSLI POWER,https://www.advertgallery.com/product-category/advertisements-by-brand/musli-power/,1
345,MUTHOOT FINANCE,https://www.advertgallery.com/product-category/advertisements-by-brand/muthoot-finance/,18
346,MYNTRA,https://www.advertgallery.com/product-category/advertisements-by-brand/myntra-newspaper-advertisements/,16
347,NAKSHATRA,https://www.advertgallery.com/product-category/advertisements-by-brand/nakshatra/,11
348,NALLI,https://www.advertgallery.com/product-category/advertisements-by-brand/nalli/,8
349,NALSAR UNIVERSITY,https://www.advertgallery.com/product-category/advertisements-by-brand/nalsar-university/,1
350,NARAYANA MULTISPECIALITY HOSPITAL,https://www.advertgallery.com/product-category/advertisements-by-brand/narayana-multispeciality-hospital/,18
351,NASAKA,https://www.advertgallery.com/product-category/advertisements-by-brand/nasaka/,4
352,NATURALS,https://www.advertgallery.com/product-category/advertisements-by-brand/naturals/,2
353,NEELKANTH JEWELLERS,https://www.advertgallery.com/product-category/advertisements-by-brand/neelkanth-jewellers/,11
354,NEEM HOLIDAYS,https://www.advertgallery.com/product-category/advertisements-by-brand/neem-holidays/,17
355,NEEM TRAVELS,https://www.advertgallery.com/product-category/advertisements-by-brand/neem-travels/,8
356,NEERUS,https://www.advertgallery.com/product-category/advertisements-by-brand/neerus/,32
357,NEROLAC PAINTS,https://www.advertgallery.com/product-category/advertisements-by-brand/nerolac/,6
358,NESCAFE,https://www.advertgallery.com/product-category/advertisements-by-brand/nescafe/,4
359,NIIT UNIVERSITY,https://www.advertgallery.com/product-category/advertisements-by-brand/niit-university/,4
360,NIKON,https://www.advertgallery.com/product-category/advertisements-by-brand/nikon/,39
361,NIMS UNIVERSITY,https://www.advertgallery.com/product-category/advertisements-by-brand/nims-university/,1
362,NIPPON PAINT,https://www.advertgallery.com/product-category/advertisements-by-brand/nippon-paint/,4
363,NISSAN,https://www.advertgallery.com/product-category/advertisements-by-brand/nissan-advertisements-newspaper/,37
364,NIVEA,https://www.advertgallery.com/product-category/advertisements-by-brand/nivea/,5
365,NOKIA,https://www.advertgallery.com/product-category/advertisements-by-brand/nokia/,23
366,NOVA IVI FERTILITY,https://www.advertgallery.com/product-category/advertisements-by-brand/nova-ivi-fertility/,6
367,NUAYURVEDA,https://www.advertgallery.com/product-category/advertisements-by-brand/nuayurveda/,14
368,OAKRIDGE INTERNATIONAL SCHOOL,https://www.advertgallery.com/product-category/advertisements-by-brand/oakridge-international-school/,8
369,OCEAN FRUIT WATER,https://www.advertgallery.com/product-category/advertisements-by-brand/ocean-fruit-water-advertisement-newspapers/,30
370,OLA,https://www.advertgallery.com/product-category/advertisements-by-brand/ola/,7
371,OMEGA,https://www.advertgallery.com/product-category/advertisements-by-brand/omega/,37
372,ONE PLUS,https://www.advertgallery.com/product-category/advertisements-by-brand/one-plus/,19
373,ONENESS,https://www.advertgallery.com/product-category/advertisements-by-brand/oneness-property-advertisements/,5
374,OPPO,https://www.advertgallery.com/product-category/advertisements-by-brand/oppo/,15
375,ORRA,https://www.advertgallery.com/product-category/advertisements-by-brand/orra/,43
376,P C CHANDRA JEWELLERS,https://www.advertgallery.com/product-category/advertisements-by-brand/p-c-chandra-jewellers/,47
377,P N GADGIL & SONS,https://www.advertgallery.com/product-category/advertisements-by-brand/p-n-gadgil-sons/,3
378,PACE IIT & MEDICAL,https://www.advertgallery.com/product-category/advertisements-by-brand/pace/,15
379,PAHARPUR,https://www.advertgallery.com/product-category/advertisements-by-brand/paharpur/,1
380,PAI INTERNATIONAL,https://www.advertgallery.com/product-category/advertisements-by-brand/pai-international/,61
381,PANASONIC,https://www.advertgallery.com/product-category/advertisements-by-brand/panasonic/,36
382,PANTALOONS,https://www.advertgallery.com/product-category/advertisements-by-brand/pantaloons-advertisements/,20
383,PANTENE,https://www.advertgallery.com/product-category/advertisements-by-brand/pantene/,3
384,PARACHUTE ADVANSED,https://www.advertgallery.com/product-category/advertisements-by-brand/parachute-advansed/,2
385,PARAGON,https://www.advertgallery.com/product-category/advertisements-by-brand/paragon/,12
386,PARAS EDIBLE OILS,https://www.advertgallery.com/product-category/advertisements-by-brand/paras-edible-oils-newspaper-advertisements/,6
387,PARK AVENUE,https://www.advertgallery.com/product-category/advertisements-by-brand/park-avenue/,8
388,PATANJALI,https://www.advertgallery.com/product-category/advertisements-by-brand/patanjali-ayurveda-newspaper-advertisements/,36
389,PAYTM,https://www.advertgallery.com/product-category/advertisements-by-brand/paytm/,33
390,PC JEWELLERS,https://www.advertgallery.com/product-category/advertisements-by-brand/pc-jewellers/,52
391,PEACHTREE,https://www.advertgallery.com/product-category/advertisements-by-brand/peachtree/,12
392,PEPSI,https://www.advertgallery.com/product-category/advertisements-by-brand/pepsi-newspaper-advertisements/,2
393,PETER ENGLAND,https://www.advertgallery.com/product-category/advertisements-by-brand/peter-england/,14
394,PHARMEASY,https://www.advertgallery.com/product-category/advertisements-by-brand/pharmeasy/,7
395,PHILIPS,https://www.advertgallery.com/product-category/advertisements-by-brand/philips/,39
396,PHOENIX MARKETCITY,https://www.advertgallery.com/product-category/advertisements-by-brand/phoenix-marketcity/,87
397,PIGEON,https://www.advertgallery.com/product-category/advertisements-by-brand/pigeon/,19
398,PIZZA HUT,https://www.advertgallery.com/product-category/advertisements-by-brand/pizza-hut/,2
399,PNG BROTHERS,https://www.advertgallery.com/product-category/advertisements-by-brand/png-brothers/,6
400,PNG JEWELLERS,https://www.advertgallery.com/product-category/advertisements-by-brand/png-jewellers/,10
401,PRESIDENCY UNIVERSITY,https://www.advertgallery.com/product-category/advertisements-by-brand/presidency-university/,7
402,PRESTIGE,https://www.advertgallery.com/product-category/advertisements-by-brand/prestige/,44
403,PUMA,https://www.advertgallery.com/product-category/advertisements-by-brand/puma/,3
404,PUNJAB NATIONAL BANK,https://www.advertgallery.com/product-category/advertisements-by-brand/punjab-national-bank/,14
405,QATAR AIRWAYS,https://www.advertgallery.com/product-category/advertisements-by-brand/qatar-airways/,10
406,QI SPINE CLINIC,https://www.advertgallery.com/product-category/advertisements-by-brand/qi-spine-clinic/,12
407,RADIO MIRCHI,https://www.advertgallery.com/product-category/advertisements-by-brand/radio-mirchi/,16
408,RADISSON,https://www.advertgallery.com/product-category/advertisements-by-brand/radisson/,13
409,RADO,https://www.advertgallery.com/product-category/advertisements-by-brand/rado/,34
410,RAHEJA,https://www.advertgallery.com/product-category/advertisements-by-brand/raheja/,21
411,RAINBOW CHILDREN'S HOSPITAL,https://www.advertgallery.com/product-category/advertisements-by-brand/rainbow-childrens-hospital/,2
412,RAMRAJ COTTON,https://www.advertgallery.com/product-category/advertisements-by-brand/ramraj-cotton/,1
413,RAU'S IAS STUDY CIRCLE,https://www.advertgallery.com/product-category/advertisements-by-brand/raus-ias-study-circle/,6
414,RAYMOND,https://www.advertgallery.com/product-category/advertisements-by-brand/raymond/,59
415,RED FM,https://www.advertgallery.com/product-category/advertisements-by-brand/red-fm/,4
416,REDMI,https://www.advertgallery.com/product-category/advertisements-by-brand/redmi/,15
417,REEBOK,https://www.advertgallery.com/product-category/advertisements-by-brand/reebok/,7
418,RELIANCE DIGITAL,https://www.advertgallery.com/product-category/advertisements-by-brand/reliance-digital-advertisements-in-newspaper/,92
419,RELIANCE FOOTPRINT,https://www.advertgallery.com/product-category/advertisements-by-brand/reliance-footprint/,6
420,RELIANCE FRESH,https://www.advertgallery.com/product-category/advertisements-by-brand/reliance-fresh-advertisements-in-newspaepr/,66
421,RELIANCE JEWELS,https://www.advertgallery.com/product-category/advertisements-by-brand/reliance-jewels/,25
422,RELIANCE MUTUAL FUNDS,https://www.advertgallery.com/product-category/advertisements-by-brand/reliance-mutual-funds/,2
423,RELIANCE SMART,https://www.advertgallery.com/product-category/advertisements-by-brand/reliance-smart/,39
424,RELIANCE TRENDS,https://www.advertgallery.com/product-category/advertisements-by-brand/reliance-trends-newspaper-advertisements/,32
425,RENAULT,https://www.advertgallery.com/product-category/advertisements-by-brand/renault-advertisement-newspapers/,113
426,RESPICARE,https://www.advertgallery.com/product-category/advertisements-by-brand/respicare/,5
427,RICHFEEL TRICHOLOGY CENTRE,https://www.advertgallery.com/product-category/advertisements-by-brand/richfeel-trichology-centre-advertisements/,1
428,RIN,https://www.advertgallery.com/product-category/advertisements-by-brand/rin/,3
429,ROLEX,https://www.advertgallery.com/product-category/advertisements-by-brand/rolex/,28
430,ROSEWALK,https://www.advertgallery.com/product-category/advertisements-by-brand/rosewalk/,4
431,ROYAL ENFIELD,https://www.advertgallery.com/product-category/advertisements-by-brand/royal-enfield/,12
432,ROYAL STAG,https://www.advertgallery.com/product-category/advertisements-by-brand/royal-stag/,7
433,ROYALOAK,https://www.advertgallery.com/product-category/advertisements-by-brand/royaloak/,69
434,RUIA ORGANIC FARMS,https://www.advertgallery.com/product-category/advertisements-by-brand/ruia-organic-farms/,1
435,RUOSH,https://www.advertgallery.com/product-category/advertisements-by-brand/ruosh-footwear-advertisements/,8
436,RUPA,https://www.advertgallery.com/product-category/advertisements-by-brand/rupa/,2
437,RXHEAL,https://www.advertgallery.com/product-category/advertisements-by-brand/rxheal-advertisements/,1
438,SAFFOLA,https://www.advertgallery.com/product-category/advertisements-by-brand/saffola/,16
439,SAI ESTATE CONSULTANTS,https://www.advertgallery.com/product-category/advertisements-by-brand/sai-estate-consultants/,27
440,SAMSUNG,https://www.advertgallery.com/product-category/advertisements-by-brand/samsung/,94
441,SANDIP UNIVERSITY,https://www.advertgallery.com/product-category/advertisements-by-brand/sandip-university/,10
442,SANGEETHA MOBILES,https://www.advertgallery.com/product-category/advertisements-by-brand/sangeetha-mobiles/,23
443,SANSKRITI UNIVERSITY,https://www.advertgallery.com/product-category/advertisements-by-brand/sanskriti-university/,1
444,SARAVANA STORES,https://www.advertgallery.com/product-category/advertisements-by-brand/saravana-stores/,16
445,SASTRA UNIVERSITY,https://www.advertgallery.com/product-category/advertisements-by-brand/sastra-university/,1
446,SAYA HOMES,https://www.advertgallery.com/product-category/advertisements-by-brand/saya-homes/,10
447,SEALY,https://www.advertgallery.com/product-category/advertisements-by-brand/sealy/,2
448,SEIKO,https://www.advertgallery.com/product-category/advertisements-by-brand/seiko/,23
449,SGT UNIVERSITY,https://www.advertgallery.com/product-category/advertisements-by-brand/sgt-university/,6
450,SHAHS,https://www.advertgallery.com/product-category/advertisements-by-brand/shahs/,53
451,SHARDA UNIVERSITY,https://www.advertgallery.com/product-category/advertisements-by-brand/sharda-university/,42
452,SHARP,https://www.advertgallery.com/product-category/advertisements-by-brand/sharp/,6
453,SHELL,https://www.advertgallery.com/product-category/advertisements-by-brand/shell/,2
454,SHIAMAK DANCE ACADEMY,https://www.advertgallery.com/product-category/advertisements-by-brand/shiamak-dance-academy/,1
455,SHOPPERS STOP,https://www.advertgallery.com/product-category/advertisements-by-brand/shoppers-stop-advertisements/,60
456,SHRIRAM LIFE INSURANCE,https://www.advertgallery.com/product-category/advertisements-by-brand/shriram-life-insurance/,4
457,SHRIRAM PROPERTIES,https://www.advertgallery.com/product-category/advertisements-by-brand/shriram-properties/,18
458,SIEMENS,https://www.advertgallery.com/product-category/advertisements-by-brand/siemens/,4
459,SIGNORAWARE,https://www.advertgallery.com/product-category/advertisements-by-brand/signoraware/,4
460,SINGAPORE AIRLINES,https://www.advertgallery.com/product-category/advertisements-by-brand/singapore-airlines/,23
461,SINGER,https://www.advertgallery.com/product-category/advertisements-by-brand/singer/,1
462,SIYARAMS,https://www.advertgallery.com/product-category/advertisements-by-brand/siyarams/,5
463,SKODA,https://www.advertgallery.com/product-category/advertisements-by-brand/skoda-advertisement-in-newspaper/,64
464,SLEEPWELL,https://www.advertgallery.com/product-category/advertisements-by-brand/sleepwell/,56
465,SNAPDEAL,https://www.advertgallery.com/product-category/advertisements-by-brand/snapdeal/,55
466,SOBHA,https://www.advertgallery.com/product-category/advertisements-by-brand/sobha/,1
467,SOCH,https://www.advertgallery.com/product-category/advertisements-by-brand/soch/,26
468,SONY,https://www.advertgallery.com/product-category/advertisements-by-brand/sony/,52
469,SOTC,https://www.advertgallery.com/product-category/advertisements-by-brand/sotc-holiday-newspaper-advertisements/,68
470,SOUTHERN TRAVELS,https://www.advertgallery.com/product-category/advertisements-by-brand/southern-travels/,1
471,SP JAIN SCHOOL OF GLOBAL MANAGEMENT,https://www.advertgallery.com/product-category/advertisements-by-brand/sp-jain-school-of-global-management-advertisements/,12
472,SPACES,https://www.advertgallery.com/product-category/advertisements-by-brand/spaces/,3
473,SPAR HYPERMARKET,https://www.advertgallery.com/product-category/advertisements-by-brand/spar-hypermarket/,17
474,SPARX,https://www.advertgallery.com/product-category/advertisements-by-brand/sparx/,15
475,SPENCERS,https://www.advertgallery.com/product-category/advertisements-by-brand/spencers-newspaper-advertisements/,49
476,SPICEJET AIRLINES,https://www.advertgallery.com/product-category/advertisements-by-brand/spicejet-airlines-newspaper-advertisements/,50
477,SPRINGFIT,https://www.advertgallery.com/product-category/advertisements-by-brand/springfit/,17
478,SPRINGWEL,https://www.advertgallery.com/product-category/advertisements-by-brand/springwel/,36
479,SPYKAR,https://www.advertgallery.com/product-category/advertisements-by-brand/spykar/,17
480,SRI KRISHNA SWEETS,https://www.advertgallery.com/product-category/advertisements-by-brand/sri-krishna-sweets/,6
481,SRL DIAGNOSTICS,https://www.advertgallery.com/product-category/advertisements-by-brand/srl-diagnostics/,1
482,SRM UNIVERSITY,https://www.advertgallery.com/product-category/advertisements-by-brand/srm-university-newspaper-advertisements/,47
483,SS GROUP,https://www.advertgallery.com/product-category/advertisements-by-brand/ss-group/,2
484,STANDARD CHARTERED,https://www.advertgallery.com/product-category/advertisements-by-brand/standard-chartered/,19
485,STANLEY FURNITURE,https://www.advertgallery.com/product-category/advertisements-by-brand/stanley-furniture/,23
486,STANZA,https://www.advertgallery.com/product-category/advertisements-by-brand/stanza/,2
487,STATE BANK OF INDIA,https://www.advertgallery.com/product-category/advertisements-by-brand/state-bank-of-india-advertisements/,109
488,STAY-ON,https://www.advertgallery.com/product-category/advertisements-by-brand/stay-on/,19
489,SUBWAY,https://www.advertgallery.com/product-category/advertisements-by-brand/subway/,29
490,SUCHIR INDIA,https://www.advertgallery.com/product-category/advertisements-by-brand/suchir-india/,1
491,SULTHAN DIAMONDS & GOLD,https://www.advertgallery.com/product-category/advertisements-by-brand/sulthan-diamonds-gold/,6
492,SUNFEAST,https://www.advertgallery.com/product-category/advertisements-by-brand/sunfeast/,3
493,SUNFLAME,https://www.advertgallery.com/product-category/advertisements-by-brand/sunflame-advertisements-in-newspaper/,18
494,SUNSILK,https://www.advertgallery.com/product-category/advertisements-by-brand/sunsilk/,17
495,SWAROVSKI,https://www.advertgallery.com/product-category/advertisements-by-brand/swarovski/,1
496,SWIGGY,https://www.advertgallery.com/product-category/advertisements-by-brand/swiggy/,16
497,SWISS EAGLE,https://www.advertgallery.com/product-category/advertisements-by-brand/swiss-eagle/,20
498,SYMBIOSIS INTERNATIONAL UNIVERSITY,https://www.advertgallery.com/product-category/advertisements-by-brand/symbiosis-international-university-newspaper-advertisements/,37
499,SYNCHRONY FINANCIAL,https://www.advertgallery.com/product-category/advertisements-by-brand/synchrony-financial/,2
500,SYNDICATE BANK,https://www.advertgallery.com/product-category/advertisements-by-brand/syndicate-bank/,13
501,TAGHEUER,https://www.advertgallery.com/product-category/advertisements-by-brand/tagheuer/,9
502,TAJ GROUP OF HOTELS,https://www.advertgallery.com/product-category/advertisements-by-brand/taj-group-of-hotels/,1
503,TANISHQ,https://www.advertgallery.com/product-category/advertisements-by-brand/tanishq/,137
504,TATA CLIQ,https://www.advertgallery.com/product-category/advertisements-by-brand/tata-cliq/,9
505,TATA HOUSING,https://www.advertgallery.com/product-category/advertisements-by-brand/tata-housing/,22
506,TATA TEA,https://www.advertgallery.com/product-category/advertisements-by-brand/tata-tea/,4
507,TBZ SHRIKANT ZAVERI GROUP,https://www.advertgallery.com/product-category/advertisements-by-brand/tbz-shrikant-zaveri-group-advertisements/,37
508,TEFAL,https://www.advertgallery.com/product-category/advertisements-by-brand/tefal/,5
509,THE CHENNAI SHOPPING MALL,https://www.advertgallery.com/product-category/advertisements-by-brand/the-chennai-shopping-mall/,15
510,THOMAS COOK,https://www.advertgallery.com/product-category/advertisements-by-brand/thomas-cook-newspaper-advertisements/,100
511,TIMEX WATCHES,https://www.advertgallery.com/product-category/advertisements-by-brand/timex-watches-advertisements-in-newspaper/,6
512,TISSOT,https://www.advertgallery.com/product-category/advertisements-by-brand/tissot/,22
513,TITAN,https://www.advertgallery.com/product-category/advertisements-by-brand/titan/,47
514,TITAN EYEPLUS,https://www.advertgallery.com/product-category/advertisements-by-brand/titan-eyeplus/,6
515,TMC ELECTRONICS,https://www.advertgallery.com/product-category/advertisements-by-brand/tmc-electronics/,10
516,TONI & GUY,https://www.advertgallery.com/product-category/advertisements-by-brand/toni-guy/,21
517,TOSAA,https://www.advertgallery.com/product-category/advertisements-by-brand/tosaa/,6
518,TOYOTA,https://www.advertgallery.com/product-category/advertisements-by-brand/toyota/,77
519,TRENDZ,https://www.advertgallery.com/product-category/advertisements-by-brand/trendz/,12
520,TROPICANA,https://www.advertgallery.com/product-category/advertisements-by-brand/tropicana/,3
521,TUSKCA,https://www.advertgallery.com/product-category/advertisements-by-brand/tuskca/,12
522,TVS,https://www.advertgallery.com/product-category/advertisements-by-brand/tvs-newspaper-advertisements/,64
523,UBER CAB ADVERTISEMENTS,https://www.advertgallery.com/product-category/advertisements-by-brand/uber-cab-advertisement-collection/,18
524,ULTRATECH CEMENT,https://www.advertgallery.com/product-category/advertisements-by-brand/ultratech-cement/,8
525,UNION BANK OF INDIA,https://www.advertgallery.com/product-category/advertisements-by-brand/union-bank-of-india/,8
526,UNIVERSITY OF PETROLEUM AND ENERGY STUDIES,https://www.advertgallery.com/product-category/advertisements-by-brand/university-of-petroleum-and-energy-studies/,1
527,UNLIMITED,https://www.advertgallery.com/product-category/advertisements-by-brand/unlimited/,8
528,US POLO,https://www.advertgallery.com/product-category/advertisements-by-brand/us-polo-advertisements/,17
529,UTI MUTUAL FUND,https://www.advertgallery.com/product-category/advertisements-by-brand/uti-mutual-fund-newspaper-advertisements/,37
530,VADILAL,https://www.advertgallery.com/product-category/advertisements-by-brand/vadilal/,22
531,VANHEUSEN,https://www.advertgallery.com/product-category/advertisements-by-brand/vanheusen/,10
532,VASANTH & CO,https://www.advertgallery.com/product-category/advertisements-by-brand/vasanth-co/,11
533,VERO MODA,https://www.advertgallery.com/product-category/advertisements-by-brand/vero-moda-advertisements/,1
534,VERSACE,https://www.advertgallery.com/product-category/advertisements-by-brand/versace/,5
535,VESPA,https://www.advertgallery.com/product-category/advertisements-by-brand/vespa/,3
536,VETA,https://www.advertgallery.com/product-category/advertisements-by-brand/veta/,1
537,VIBES,https://www.advertgallery.com/product-category/advertisements-by-brand/vibes/,4
538,VICCO VAJRADANTI ADVERTISEMENTS,https://www.advertgallery.com/product-category/advertisements-by-brand/vicco-newspaper-advertisement-collection/,33
539,VICTORINOX,https://www.advertgallery.com/product-category/advertisements-by-brand/victorinox/,21
540,VIDEOCON,https://www.advertgallery.com/product-category/advertisements-by-brand/videocon/,5
541,VIJAY SALES,https://www.advertgallery.com/product-category/advertisements-by-brand/vijay-sales/,87
542,VISA,https://www.advertgallery.com/product-category/advertisements-by-brand/visa-newspaper-advertisements/,1
543,VISHAL MEGAMART,https://www.advertgallery.com/product-category/advertisements-by-brand/vishal-megamart/,47
544,VISION EXPRESS,https://www.advertgallery.com/product-category/advertisements-by-brand/vision-express/,20
545,VISTARA AIRLINES,https://www.advertgallery.com/product-category/advertisements-by-brand/vistara-airlines/,10
546,VISVESVARAYA TECHNOLOGICAL UNIVERSITY,https://www.advertgallery.com/product-category/advertisements-by-brand/visvesvaraya-technological-university-advertisements/,1
547,VIVO HEALTHCARE,https://www.advertgallery.com/product-category/advertisements-by-brand/vivo-healthcare/,32
548,VLCC,https://www.advertgallery.com/product-category/advertisements-by-brand/vlcc/,9
549,VODAFONE,https://www.advertgallery.com/product-category/advertisements-by-brand/vodafone/,10
550,VOLKSWAGEN,https://www.advertgallery.com/product-category/advertisements-by-brand/volkswagen-advertisements/,60
551,VOLTAS,https://www.advertgallery.com/product-category/advertisements-by-brand/voltas-newspaper-advertisements/,37
552,VOLVO,https://www.advertgallery.com/product-category/advertisements-by-brand/volvo/,47
553,WHIRLPOOL,https://www.advertgallery.com/product-category/advertisements-by-brand/whirlpool/,41
554,WOODLAND,https://www.advertgallery.com/product-category/advertisements-by-brand/woodland-newspaper-advertisements/,43
555,WORLD UNIVERSITY OF DESIGN,https://www.advertgallery.com/product-category/advertisements-by-brand/world-university-of-design/,1
556,WORLDS OF WONDER,https://www.advertgallery.com/product-category/advertisements-by-brand/worlds-of-wonder/,23
557,YAMAHA,https://www.advertgallery.com/product-category/advertisements-by-brand/yamaha/,26
558,YATRA,https://www.advertgallery.com/product-category/advertisements-by-brand/yatra/,56
559,YES BANK,https://www.advertgallery.com/product-category/advertisements-by-brand/yes-bank/,2
560,YMCA,https://www.advertgallery.com/product-category/advertisements-by-brand/ymca/,4
561,YOU BROADBAND,https://www.advertgallery.com/product-category/advertisements-by-brand/you-broadband/,7
562,ZANDU,https://www.advertgallery.com/product-category/advertisements-by-brand/zandu/,32
563,ZARA,https://www.advertgallery.com/product-category/advertisements-by-brand/zara/,5
564,ZODIAC,https://www.advertgallery.com/product-category/advertisements-by-brand/zodiac-advertisements/,1
565,ZOIRO,https://www.advertgallery.com/product-category/advertisements-by-brand/zoiro-advertisements/,3
566,ZOMATO,https://www.advertgallery.com/product-category/advertisements-by-brand/zomato/,14
567,BAJAJ ELECTRONICS,https://www.advertgallery.com/product-category/advertisements-by-brand/bajaj-electronics/,93
568,CARRIER,https://www.advertgallery.com/product-category/advertisements-by-brand/carrier-advertisements/,10
569,COLOR HOMES,https://www.advertgallery.com/product-category/advertisements-by-brand/colorhomes-advertisements/,1
570,FARMTRAC,https://www.advertgallery.com/product-category/advertisements-by-brand/farmtrac/,1
571,FRANCHISE INDIA,https://www.advertgallery.com/product-category/advertisements-by-brand/franchise-india-advertisements/,5
572,GIRIAS ELECTRONICS,https://www.advertgallery.com/product-category/advertisements-by-brand/girias-electronics-advertisements/,47
573,GURH,https://www.advertgallery.com/product-category/advertisements-by-brand/gurh/,1
574,INDIGO,https://www.advertgallery.com/product-category/advertisements-by-brand/indigo/,39
575,JLL,https://www.advertgallery.com/product-category/advertisements-by-brand/jll/,3
576,KARLE INFRA,https://www.advertgallery.com/product-category/advertisements-by-brand/karle-infra/,1
577,KENT,https://www.advertgallery.com/product-category/advertisements-by-brand/kent-advertisements-by-brand/,49
578,MAHINDRA,https://www.advertgallery.com/product-category/advertisements-by-brand/mahindra/,191
579,MARVEL TEA,https://www.advertgallery.com/product-category/advertisements-by-brand/marvel-tea/,1
580,MINISTRY OF SHIPPING,https://www.advertgallery.com/product-category/advertisements-by-brand/ministry-of-shipping/,2
581,MSME,https://www.advertgallery.com/product-category/advertisements-by-brand/msme-advertisements/,69
582,NIRMA UNIVERSITY,https://www.advertgallery.com/product-category/advertisements-by-brand/nirma-university/,5
583,NSDC,https://www.advertgallery.com/product-category/advertisements-by-brand/national-skill-development-corporation/,1
584,ONIDA,https://www.advertgallery.com/product-category/advertisements-by-brand/onida-advertisements/,7
585,ORIENT ELECTRIC,https://www.advertgallery.com/product-category/advertisements-by-brand/orient-electric/,9
586,RADHA RAMAN GROUP OF INSTITUTES,https://www.advertgallery.com/product-category/advertisements-by-brand/radha-raman-group-of-institutes/,1
587,ROOP MANTRA,https://www.advertgallery.com/product-category/advertisements-by-brand/roop-mantra/,11
588,SUZUKI,https://www.advertgallery.com/product-category/advertisements-by-brand/suzuki/,28
589,TATA MOTORS,https://www.advertgallery.com/product-category/advertisements-by-brand/tata-motors/,136
590,TIME,https://www.advertgallery.com/product-category/advertisements-by-brand/time-institute-advertisement/,116
591,Y AXIS,https://www.advertgallery.com/product-category/advertisements-by-brand/y-axis-advertisements/,15
